{
  "properties": {
    "connectionReferences": {
      "shared_visualstudioteamservices": {
        "runtimeSource": "invoker",
        "connection": {
          "connectionReferenceLogicalName": "akari_sharedvisualstudioteamservices_79a0e"
        },
        "api": {
          "name": "shared_visualstudioteamservices"
        }
      }
    },
    "definition": {
      "$schema": "https://schema.management.azure.com/providers/Microsoft.Logic/schemas/2016-06-01/workflowdefinition.json#",
      "contentVersion": "1.0.0.0",
      "parameters": {
        "$connections": {
          "defaultValue": {},
          "type": "Object"
        },
        "$authentication": {
          "defaultValue": {},
          "type": "SecureObject"
        }
      },
      "triggers": {
        "manual": {
          "metadata": {
            "operationMetadataId": "f17d9148-f536-4011-ab3b-6227d1407cc1"
          },
          "type": "Request",
          "kind": "Button",
          "inputs": {
            "schema": {
              "type": "object",
              "properties": {
                "text": {
                  "title": "Project Name",
                  "type": "string",
                  "x-ms-dynamically-added": true,
                  "description": "Please enter your input",
                  "x-ms-content-hint": "TEXT"
                },
                "text_1": {
                  "title": "DevOps Process Template ID",
                  "type": "string",
                  "x-ms-dynamically-added": true,
                  "description": "Please enter your input",
                  "x-ms-content-hint": "TEXT"
                },
                "text_2": {
                  "title": "Team Name",
                  "type": "string",
                  "x-ms-dynamically-added": true,
                  "description": "Please enter your input",
                  "x-ms-content-hint": "TEXT"
                }
              },
              "required": [
                "text",
                "text_1",
                "text_2"
              ]
            }
          }
        }
      },
      "actions": {
        "Get_Iterations": {
          "actions": {
            "Get_Classification_Root_Nodes": {
              "runAfter": {},
              "metadata": {
                "operationMetadataId": "2a0a778c-b5c5-419e-a446-bf598756ffb2"
              },
              "type": "OpenApiConnection",
              "inputs": {
                "host": {
                  "connectionName": "shared_visualstudioteamservices",
                  "operationId": "HttpRequest",
                  "apiId": "/providers/Microsoft.PowerApps/apis/shared_visualstudioteamservices"
                },
                "parameters": {
                  "account": "@outputs('DevOps_Organisation_Name')",
                  "parameters/Method": "GET",
                  "parameters/Uri": "/@{outputs('DevOps_Encoded_Project_Name')}/_apis/wit/classificationnodes?api-version=6.0\n"
                },
                "authentication": {
                  "type": "Raw",
                  "value": "@json(decodeBase64(triggerOutputs().headers['X-MS-APIM-Tokens']))['$ConnectionKey']"
                }
              }
            },
            "Parse_Iteration_Root_Node": {
              "runAfter": {
                "Filter_for_Iteration_Root_Node": [
                  "Succeeded"
                ]
              },
              "metadata": {
                "operationMetadataId": "1d0326a1-38ad-4f1c-9b02-e587385323be"
              },
              "type": "ParseJson",
              "inputs": {
                "content": "@body('Filter_for_Iteration_Root_Node')[0]",
                "schema": {
                  "type": "object",
                  "properties": {
                    "id": {
                      "type": "integer"
                    },
                    "identifier": {
                      "type": "string"
                    },
                    "name": {
                      "type": "string"
                    },
                    "structureType": {
                      "type": "string"
                    },
                    "hasChildren": {
                      "type": "boolean"
                    },
                    "path": {
                      "type": "string"
                    },
                    "url": {
                      "type": "string"
                    }
                  }
                }
              }
            },
            "Filter_for_Iteration_Root_Node": {
              "runAfter": {
                "Get_Classification_Root_Nodes": [
                  "Succeeded"
                ]
              },
              "metadata": {
                "operationMetadataId": "0838debb-cce1-4760-aea6-8d67770838a8"
              },
              "type": "Query",
              "inputs": {
                "from": "@outputs('Get_Classification_Root_Nodes')?['body/value']",
                "where": "@equals(item()['structureType'], 'iteration')"
              }
            }
          },
          "runAfter": {
            "DevOps_Encoded_Project_Name": [
              "Succeeded"
            ]
          },
          "metadata": {
            "operationMetadataId": "054e3b93-3fc8-4de5-bfc6-3b3b31cb0900"
          },
          "type": "Scope"
        },
        "Create_new_Team_and_Area": {
          "actions": {
            "Create_Team": {
              "runAfter": {},
              "metadata": {
                "operationMetadataId": "aa306cfb-56ab-4012-96bb-a31e16bec5c4"
              },
              "type": "OpenApiConnection",
              "inputs": {
                "host": {
                  "connectionName": "shared_visualstudioteamservices",
                  "operationId": "HttpRequest",
                  "apiId": "/providers/Microsoft.PowerApps/apis/shared_visualstudioteamservices"
                },
                "parameters": {
                  "account": "@outputs('DevOps_Organisation_Name')",
                  "parameters/Method": "POST",
                  "parameters/Uri": "/_apis/projects/@{outputs('DevOps_Encoded_Project_Name')}/teams?api-version=6.0",
                  "parameters/Body": "{\n  \"name\": \"@{triggerBody()['text_2']} Team\",\n  \"description\": \"@{triggerBody()['text_2']} Team\"\n}"
                },
                "authentication": {
                  "type": "Raw",
                  "value": "@json(decodeBase64(triggerOutputs().headers['X-MS-APIM-Tokens']))['$ConnectionKey']"
                }
              }
            },
            "Create_Area": {
              "runAfter": {
                "Set_Backlog_Iteration": [
                  "Succeeded"
                ]
              },
              "metadata": {
                "operationMetadataId": "6e896f62-2e50-4635-b3ef-ed50360ff548"
              },
              "type": "OpenApiConnection",
              "inputs": {
                "host": {
                  "connectionName": "shared_visualstudioteamservices",
                  "operationId": "HttpRequest",
                  "apiId": "/providers/Microsoft.PowerApps/apis/shared_visualstudioteamservices"
                },
                "parameters": {
                  "account": "@outputs('DevOps_Organisation_Name')",
                  "parameters/Method": "POST",
                  "parameters/Uri": "/@{outputs('DevOps_Encoded_Project_Name')}/_apis/wit/classificationnodes/Areas?api-version=5.0",
                  "parameters/Body": "{\n  \"name\": \"@{triggerBody()['text_2']}\"\n}"
                },
                "authentication": {
                  "type": "Raw",
                  "value": "@json(decodeBase64(triggerOutputs().headers['X-MS-APIM-Tokens']))['$ConnectionKey']"
                }
              }
            },
            "Parse_Team": {
              "runAfter": {
                "Create_Team": [
                  "Succeeded"
                ]
              },
              "metadata": {
                "operationMetadataId": "7744f9e8-e8f8-423d-a914-f1210004d2e7"
              },
              "type": "ParseJson",
              "inputs": {
                "content": "@body('Create_Team')",
                "schema": {
                  "type": "object",
                  "properties": {
                    "id": {
                      "type": "string"
                    },
                    "name": {
                      "type": "string"
                    },
                    "url": {
                      "type": "string"
                    },
                    "description": {
                      "type": "string"
                    },
                    "identityUrl": {
                      "type": "string"
                    },
                    "projectName": {
                      "type": "string"
                    },
                    "projectId": {
                      "type": "string"
                    }
                  }
                }
              }
            },
            "Set_Backlog_Iteration": {
              "runAfter": {
                "Parse_Team": [
                  "Succeeded"
                ]
              },
              "metadata": {
                "operationMetadataId": "640d6eda-ee37-4bc2-b703-9af06ab5c4cd"
              },
              "type": "OpenApiConnection",
              "inputs": {
                "host": {
                  "connectionName": "shared_visualstudioteamservices",
                  "operationId": "HttpRequest",
                  "apiId": "/providers/Microsoft.PowerApps/apis/shared_visualstudioteamservices"
                },
                "parameters": {
                  "account": "@outputs('DevOps_Organisation_Name')",
                  "parameters/Method": "PATCH",
                  "parameters/Uri": "/@{outputs('DevOps_Encoded_Project_Name')}/@{body('Parse_Team')?['id']}/_apis/work/teamsettings?api-version=6.1-preview.1",
                  "parameters/Body": "{\n\"backlogIteration\":\"@{body('Parse_Iteration_Root_Node')?['identifier']}\"\n}"
                },
                "authentication": {
                  "type": "Raw",
                  "value": "@json(decodeBase64(triggerOutputs().headers['X-MS-APIM-Tokens']))['$ConnectionKey']"
                }
              }
            },
            "Set_Areas": {
              "runAfter": {
                "Create_Area": [
                  "Succeeded"
                ]
              },
              "metadata": {
                "operationMetadataId": "84f147ad-51a8-4787-b1e9-2d253d6c53af"
              },
              "type": "OpenApiConnection",
              "inputs": {
                "host": {
                  "connectionName": "shared_visualstudioteamservices",
                  "operationId": "HttpRequest",
                  "apiId": "/providers/Microsoft.PowerApps/apis/shared_visualstudioteamservices"
                },
                "parameters": {
                  "account": "@outputs('DevOps_Organisation_Name')",
                  "parameters/Method": "PATCH",
                  "parameters/Uri": "/@{outputs('DevOps_Encoded_Project_Name')}/@{body('Parse_Team')?['id']}/_apis/work/teamsettings/teamfieldvalues?api-version=6.0",
                  "parameters/Body": "{\n\"defaultValue\": \"@{triggerBody()['text']}\\\\@{triggerBody()['text_2']}\",\n\"values\": [\n    {\n        \"value\": \"@{triggerBody()['text']}\",\n        \"includeChildren\": false\n    },\n    {\n        \"value\": \"@{triggerBody()['text']}\\\\@{triggerBody()['text_2']}\",\n        \"includeChildren\": false\n    }\n]\n}"
                },
                "authentication": {
                  "type": "Raw",
                  "value": "@json(decodeBase64(triggerOutputs().headers['X-MS-APIM-Tokens']))['$ConnectionKey']"
                }
              }
            }
          },
          "runAfter": {
            "Get_Iterations": [
              "Succeeded"
            ]
          },
          "metadata": {
            "operationMetadataId": "ba0cfc64-412a-45fe-b753-2d65bb1df5ee"
          },
          "type": "Scope"
        },
        "DevOps_Encoded_Project_Name": {
          "runAfter": {
            "Create_Project": [
              "Succeeded"
            ]
          },
          "metadata": {
            "operationMetadataId": "b7b538c5-f90a-4fe0-88b8-5f13cc18c398"
          },
          "type": "Compose",
          "inputs": "@encodeUriComponent(triggerBody()['text'])"
        },
        "DevOps_Organisation_Name": {
          "runAfter": {},
          "metadata": {
            "operationMetadataId": "57f87804-1b8c-4f7c-8b5c-1c06928e61f6"
          },
          "type": "Compose",
          "inputs": "Organisation Name"
        },
        "Create_Project": {
          "runAfter": {
            "DevOps_Organisation_Name": [
              "Succeeded"
            ]
          },
          "metadata": {
            "operationMetadataId": "78f13815-1a16-4615-a2af-fd3a5ebdf3cc"
          },
          "type": "OpenApiConnection",
          "inputs": {
            "host": {
              "connectionName": "shared_visualstudioteamservices",
              "operationId": "HttpRequest",
              "apiId": "/providers/Microsoft.PowerApps/apis/shared_visualstudioteamservices"
            },
            "parameters": {
              "account": "@outputs('DevOps_Organisation_Name')",
              "parameters/Method": "POST",
              "parameters/Uri": "/_apis/projects?api-version=6.1-preview.4",
              "parameters/Body": "{\n  \"name\": \"@{triggerBody()['text']}\",\n  \"description\": \"A New Project\",\n  \"visibility\":\"Private\",\n  \"capabilities\": {\n    \"versioncontrol\": {\n      \"sourceControlType\": \"Git\"\n    },\n    \"processTemplate\": {\n      \"templateTypeId\": \"@{triggerBody()['text_1']}\"\n    }\n  }\n}\n"
            },
            "authentication": {
              "type": "Raw",
              "value": "@json(decodeBase64(triggerOutputs().headers['X-MS-APIM-Tokens']))['$ConnectionKey']"
            }
          }
        }
      }
    }
  },
  "schemaVersion": "1.0.0.0"
}